the_geom,points_id,location_name,input_address,match_address,latitude,longitude,major_basin_name,minor_basin_name,aquifer_name,pfaf_id,gid_1,gid_0,name_0,name_1,bau30_ba_x_l,bau50_ba_x_l,bau80_ba_x_l,opt30_ba_x_l,opt50_ba_x_l,opt80_ba_x_l,pes30_ba_x_l,pes50_ba_x_l,pes80_ba_x_l,bau30_ww_x_l,bau50_ww_x_l,bau80_ww_x_l,opt30_ww_x_l,opt50_ww_x_l,opt80_ww_x_l,pes30_ww_x_l,pes50_ww_x_l,pes80_ww_x_l,bau30_ws_x_l,bau50_ws_x_l,bau80_ws_x_l,opt30_ws_x_l,opt50_ws_x_l,opt80_ws_x_l,pes30_ws_x_l,pes50_ws_x_l,pes80_ws_x_l,bau30_wd_x_l,bau50_wd_x_l,bau80_wd_x_l,opt30_wd_x_l,opt50_wd_x_l,opt80_wd_x_l,pes30_wd_x_l,pes50_wd_x_l,pes80_wd_x_l,bau30_iv_x_l,bau50_iv_x_l,bau80_iv_x_l,opt30_iv_x_l,opt50_iv_x_l,opt80_iv_x_l,pes30_iv_x_l,pes50_iv_x_l,pes80_iv_x_l,bau30_sv_x_l,bau50_sv_x_l,bau80_sv_x_l,opt30_sv_x_l,opt50_sv_x_l,opt80_sv_x_l,pes30_sv_x_l,pes50_sv_x_l,pes80_sv_x_l,bau30_ba_x_r,bau50_ba_x_r,bau80_ba_x_r,opt30_ba_x_r,opt50_ba_x_r,opt80_ba_x_r,pes30_ba_x_r,pes50_ba_x_r,pes80_ba_x_r,bau30_ww_x_r,bau50_ww_x_r,bau80_ww_x_r,opt30_ww_x_r,opt50_ww_x_r,opt80_ww_x_r,pes30_ww_x_r,pes50_ww_x_r,pes80_ww_x_r,bau30_ws_x_r,bau50_ws_x_r,bau80_ws_x_r,opt30_ws_x_r,opt50_ws_x_r,opt80_ws_x_r,pes30_ws_x_r,pes50_ws_x_r,pes80_ws_x_r,bau30_wd_x_r,bau50_wd_x_r,bau80_wd_x_r,opt30_wd_x_r,opt50_wd_x_r,opt80_wd_x_r,pes30_wd_x_r,pes50_wd_x_r,pes80_wd_x_r,bau30_iv_x_r,bau50_iv_x_r,bau80_iv_x_r,opt30_iv_x_r,opt50_iv_x_r,opt80_iv_x_r,pes30_iv_x_r,pes50_iv_x_r,pes80_iv_x_r,bau30_sv_x_r,bau50_sv_x_r,bau80_sv_x_r,opt30_sv_x_r,opt50_sv_x_r,opt80_sv_x_r,pes30_sv_x_r,pes50_sv_x_r,pes80_sv_x_r
0101000020E6100000DFE00B93A99259C018265305A3E23540,1,Aguascalientes,_,-,21.8853,-102.2916,Río Lerma,Verde Grande,,771460,MEX.1_1,MEX,Mexico,Aguascalientes,30-100 cm,30-100 cm,10-30 cm,30-100 cm,30-100 cm,10-30 cm,30-100 cm,30-100 cm,30-100 cm,3-10 cm,3-10 cm,10-30 cm,3-10 cm,3-10 cm,3-10 cm,3-10 cm,3-10 cm,3-10 cm,Extremely high (>80%),Extremely high (>80%),Extremely high (>80%),Extremely high (>80%),Extremely high (>80%),Extremely high (>80%),Extremely high (>80%),Extremely high (>80%),Extremely high (>80%),Extremely High (>75%),Extremely High (>75%),Extremely High (>75%),Extremely High (>75%),High (50-75%),Extremely High (>75%),Extremely High (>75%),Extremely High (>75%),Extremely High (>75%),Medium - High (0.50-0.75),Low - Medium (0.25-0.50),Medium - High (0.50-0.75),Low - Medium (0.25-0.50),Low - Medium (0.25-0.50),Medium - High (0.50-0.75),Medium - High (0.50-0.75),Medium - High (0.50-0.75),Medium - High (0.50-0.75),Medium - High (0.66-1.00),Medium - High (0.66-1.00),Medium - High (0.66-1.00),Medium - High (0.66-1.00),Medium - High (0.66-1.00),Medium - High (0.66-1.00),Medium - High (0.66-1.00),Medium - High (0.66-1.00),Medium - High (0.66-1.00),38.33148099,34.61508979,25.50744325,38.01788238,44.12665796,28.92962555,33.78115178,35.54543297,31.08610783,7.447847452,8.385813262,10.2877543,7.142266976,7.430068831,7.371514522,7.198749333,7.520295461,8.056746168,1.798984143,2.090738972,2.774931236,1.862407579,1.553710947,2.016762042,1.872857508,2.106238946,2.339355438,0.865734644,0.944631438,1.274759943,0.882015791,0.722787023,0.980238192,0.887699859,0.976448288,1.052333057,0.518270279,0.497349138,0.577627854,0.494786288,0.488226794,0.561264696,0.531819795,0.568241011,0.620690884,0.897675678,0.923727551,0.971893004,0.898266232,0.898010418,0.88616786,0.897258557,0.909667293,0.915397186
0101000020E6100000B5A679C729D25CC08104C58F31D73E40,2,Baja California,_,-,30.8406,-115.2838,Baja California,Arroyo Agua Dulce / Santa Clara,,774111,MEX.3_1,MEX,Mexico,Baja California,< 1 cm,< 1 cm,< 1 cm,< 1 cm,< 1 cm,< 1 cm,< 1 cm,< 1 cm,< 1 cm,< 1 cm,< 1 cm,1-3 cm,< 1 cm,< 1 cm,< 1 cm,< 1 cm,< 1 cm,< 1 cm,Arid and low water use,Arid and low water use,Arid and low water use,Arid and low water use,Arid and low water use,Arid and low water use,Arid and low water use,Arid and low water use,Arid and low water use,Arid and Low Water Use,Arid and Low Water Use,Arid and Low Water Use,Arid and Low Water Use,Arid and Low Water Use,Arid and Low Water Use,Arid and Low Water Use,Arid and Low Water Use,Arid and Low Water Use,High (0.75-1.00),Extremely High (>1.00),Extremely High (>1.00),Extremely High (>1.00),Extremely High (>1.00),High (0.75-1.00),High (0.75-1.00),Extremely High (>1.00),Extremely High (>1.00),High (1.00-1.33),High (1.00-1.33),Medium - High (0.66-1.00),High (1.00-1.33),High (1.00-1.33),High (1.00-1.33),High (1.00-1.33),High (1.00-1.33),High (1.00-1.33),0.59875878,0.68577691,0.541486209,0.691631055,0.673273712,0.623589979,0.613198426,0.642221246,0.766804825,0.916795917,0.971630549,1.149363679,0.887779358,0.926624357,0.905215936,0.884599189,0.922691986,0.950394052,1,1,1,1,1,1,1,1,1,1,1,1,1,1,1,1,1,1,0.916867655,1.070623687,1.004730949,1.149900653,1.130944449,0.987823617,0.992263499,1.280110291,1.290776982,1.023959471,1.045847009,0.990997052,1.017516322,1.059770652,1.046867004,1.044432134,1.154501889,1.1230007
0101000020E610000066F7E461A1EA5BC041F163CC5D0B3A40,3,Baja California Sur,_,-,26.0444,-111.6661,Baja California,Arroyo Mezquital / Arroyo Comondú,,774115,MEX.2_1,MEX,Mexico,Baja California Sur,< 1 cm,< 1 cm,< 1 cm,< 1 cm,< 1 cm,< 1 cm,< 1 cm,< 1 cm,< 1 cm,< 1 cm,< 1 cm,< 1 cm,< 1 cm,< 1 cm,< 1 cm,< 1 cm,< 1 cm,< 1 cm,Arid and low water use,Arid and low water use,Arid and low water use,Arid and low water use,Arid and low water use,Arid and low water use,Arid and low water use,Arid and low water use,Arid and low water use,Arid and Low Water Use,Arid and Low Water Use,Arid and Low Water Use,Arid and Low Water Use,Arid and Low Water Use,Arid and Low Water Use,Arid and Low Water Use,Arid and Low Water Use,Arid and Low Water Use,Extremely High (>1.00),Extremely High (>1.00),Extremely High (>1.00),Extremely High (>1.00),Extremely High (>1.00),Extremely High (>1.00),Extremely High (>1.00),Extremely High (>1.00),Extremely High (>1.00),Extremely High (>1.33),Extremely High (>1.33),Extremely High (>1.33),Extremely High (>1.33),Extremely High (>1.33),Extremely High (>1.33),Extremely High (>1.33),Extremely High (>1.33),Extremely High (>1.33),0.42839286,0.622984613,0.500252251,0.522167085,0.491399899,0.423094828,0.504291367,0.510285181,0.488023483,0.077635469,0.08278269,0.091752267,0.07598664,0.078240947,0.0781599,0.075091534,0.078604965,0.080471941,1,1,1,1,1,1,1,1,1,1,1,1,1,1,1,1,1,1,2.300626336,2.491135496,2.651485013,2.310770933,2.354087199,2.400156238,2.167529396,2.581236317,2.665810566,1.426599133,1.396690909,1.593927295,1.619118306,1.562198953,1.454250092,1.761191579,1.705230008,1.550425203
0101000020E610000058A835CD3BA256C0DC68006F81D43340,4,Campeche,_,-,19.8301,-90.5349,Yucatán Peninsula,Champotón,,753715,MEX.4_1,MEX,Mexico,Campeche,10-30 cm,10-30 cm,10-30 cm,10-30 cm,10-30 cm,10-30 cm,10-30 cm,10-30 cm,10-30 cm,1-3 cm,1-3 cm,1-3 cm,1-3 cm,1-3 cm,1-3 cm,1-3 cm,1-3 cm,1-3 cm,Low-medium (10-20%),Low-medium (10-20%),Medium-high (20-40%),Low-medium (10-20%),Low (<10%),Low-medium (10-20%),Low-medium (10-20%),Low-medium (10-20%),Medium-high (20-40%),Low (<5%),Low - Medium (5-25%),Low - Medium (5-25%),Low (<5%),Low (<5%),Low - Medium (5-25%),Low (<5%),Low (<5%),Low - Medium (5-25%),Medium - High (0.50-0.75),Medium - High (0.50-0.75),Medium - High (0.50-0.75),Medium - High (0.50-0.75),High (0.75-1.00),Medium - High (0.50-0.75),Medium - High (0.50-0.75),Medium - High (0.50-0.75),Medium - High (0.50-0.75),Low - Medium (0.33-0.66),Low - Medium (0.33-0.66),Low - Medium (0.33-0.66),Low - Medium (0.33-0.66),Low - Medium (0.33-0.66),Low - Medium (0.33-0.66),Low - Medium (0.33-0.66),Low - Medium (0.33-0.66),Low - Medium (0.33-0.66),22.90946082,23.44853268,12.53588825,19.88083432,24.37604046,18.97165767,21.57508622,21.63767826,13.45718342,1.463335022,1.851408702,2.466179082,1.408959048,1.499856324,1.492519306,1.398070855,1.498559117,1.604142164,0.101418456,0.1239442,0.288224677,0.11011323,0.096486114,0.130835645,0.112723228,0.108427215,0.209983903,0.042874993,0.054551572,0.139689225,0.046253133,0.041662279,0.058458514,0.047054895,0.045665323,0.088696029,0.732582094,0.63047291,0.675223846,0.608682023,0.750937755,0.649010827,0.665477455,0.644603887,0.623263589,0.486510607,0.479560832,0.525158927,0.50882531,0.492324646,0.482508416,0.474114308,0.436593158,0.564046542
0101000020E61000002AA913D0444857C0A857CA32C4C13040,5,Chiapas,_,-,16.7569,-93.1292,Grijalva - Usumacinta,Grijalva / Tuxtla Gutiérrez,,753627,MEX.5_1,MEX,Mexico,Chiapas,100-300 cm,100-300 cm,100-300 cm,100-300 cm,100-300 cm,100-300 cm,100-300 cm,100-300 cm,100-300 cm,3-10 cm,3-10 cm,3-10 cm,3-10 cm,3-10 cm,3-10 cm,3-10 cm,3-10 cm,3-10 cm,Low (<10%),Low (<10%),Low-medium (10-20%),Low (<10%),Low (<10%),Low (<10%),Low (<10%),Low (<10%),Low-medium (10-20%),Low (<5%),Low (<5%),Low - Medium (5-25%),Low (<5%),Low (<5%),Low (<5%),Low (<5%),Low (<5%),Low - Medium (5-25%),Low - Medium (0.25-0.50),Low - Medium (0.25-0.50),Low - Medium (0.25-0.50),Low - Medium (0.25-0.50),Low - Medium (0.25-0.50),Low - Medium (0.25-0.50),Low - Medium (0.25-0.50),Low - Medium (0.25-0.50),Low - Medium (0.25-0.50),Low - Medium (0.33-0.66),Low - Medium (0.33-0.66),Low - Medium (0.33-0.66),Low - Medium (0.33-0.66),Low - Medium (0.33-0.66),Low - Medium (0.33-0.66),Low - Medium (0.33-0.66),Low - Medium (0.33-0.66),Low - Medium (0.33-0.66),155.4543591,157.1420656,117.7336237,162.0504138,155.0581908,149.3715326,162.8363073,145.9852493,114.1867606,3.378264498,3.98389694,5.107455899,3.330328585,3.489877748,3.520711361,3.266061894,3.504844332,3.622061481,0.064338393,0.070087262,0.105702255,0.067230976,0.069516347,0.079726335,0.063942347,0.072496142,0.102530045,0.037774973,0.040560473,0.059191028,0.039088293,0.040485457,0.04602961,0.03951753,0.041108311,0.059148471,0.361263194,0.401901791,0.450479522,0.331675412,0.362862284,0.442438173,0.345183199,0.4028919,0.442898122,0.501733166,0.511352568,0.500076334,0.524282391,0.510784594,0.493418434,0.505885214,0.501803359,0.540461724
0101000020E6100000D50968226C845AC0355EBA490CA23C40,6,Chihuahua,_,-,28.633,-106.0691,Río Grande - Bravo,Conchos / Presa el Granero,,752182,MEX.6_1,MEX,Mexico,Chihuahua,10-30 cm,10-30 cm,10-30 cm,10-30 cm,10-30 cm,10-30 cm,10-30 cm,10-30 cm,10-30 cm,3-10 cm,3-10 cm,10-30 cm,3-10 cm,3-10 cm,3-10 cm,3-10 cm,3-10 cm,3-10 cm,Extremely high (>80%),Extremely high (>80%),Extremely high (>80%),Extremely high (>80%),Extremely high (>80%),Extremely high (>80%),Extremely high (>80%),Extremely high (>80%),Extremely high (>80%),Extremely High (>75%),Extremely High (>75%),Extremely High (>75%),Extremely High (>75%),Extremely High (>75%),Extremely High (>75%),Extremely High (>75%),Extremely High (>75%),Extremely High (>75%),High (0.75-1.00),High (0.75-1.00),Extremely High (>1.00),High (0.75-1.00),High (0.75-1.00),Medium - High (0.50-0.75),High (0.75-1.00),High (0.75-1.00),High (0.75-1.00),Medium - High (0.66-1.00),Medium - High (0.66-1.00),Medium - High (0.66-1.00),Medium - High (0.66-1.00),Medium - High (0.66-1.00),Medium - High (0.66-1.00),Medium - High (0.66-1.00),Medium - High (0.66-1.00),Medium - High (0.66-1.00),17.44399872,17.78505798,14.2582021,20.43796308,14.87017479,17.27964911,17.84709086,18.44177647,23.97518006,7.244947067,8.481717034,10.16436367,7.060216143,7.487242764,7.356638463,7.158704973,7.383858023,7.401363516,1.58643661,1.497713448,2.687195472,2.458540203,2.514767886,1.361799988,1.863206,2.148051536,1.739582909,1.227360902,1.013643068,1.444349665,1.296080738,1.518874748,1.163486617,1.312679703,1.261268697,1.332179117,0.751783644,0.812425623,1.075401158,0.783831791,0.864343846,0.742073642,0.806110428,0.844663576,0.81473542,0.862948977,0.835983785,0.845297301,0.786965376,0.728352432,0.819446759,0.802744279,0.819190806,0.785358845
0101000020E6100000F1F44A5986C858C0E63FA4DFBE6E3340,7,Ciudad de México,_,-,19.4326,-99.1332,Río Verde,Moctezuma,,753240,MEX.9_1,MEX,Mexico,Distrito Federal,3-10 cm,3-10 cm,3-10 cm,3-10 cm,3-10 cm,3-10 cm,3-10 cm,3-10 cm,3-10 cm,>30 cm,>30 cm,>30 cm,>30 cm,>30 cm,>30 cm,>30 cm,>30 cm,>30 cm,Extremely high (>80%),Extremely high (>80%),Extremely high (>80%),Extremely high (>80%),Extremely high (>80%),Extremely high (>80%),Extremely high (>80%),Extremely high (>80%),Extremely high (>80%),Extremely High (>75%),Extremely High (>75%),Extremely High (>75%),Extremely High (>75%),Extremely High (>75%),Extremely High (>75%),Extremely High (>75%),Extremely High (>75%),Extremely High (>75%),Medium - High (0.50-0.75),Medium - High (0.50-0.75),Low - Medium (0.25-0.50),Low - Medium (0.25-0.50),Low - Medium (0.25-0.50),Medium - High (0.50-0.75),Medium - High (0.50-0.75),Medium - High (0.50-0.75),Medium - High (0.50-0.75),Medium - High (0.66-1.00),Medium - High (0.66-1.00),Medium - High (0.66-1.00),Medium - High (0.66-1.00),Medium - High (0.66-1.00),Medium - High (0.66-1.00),Medium - High (0.66-1.00),Medium - High (0.66-1.00),Medium - High (0.66-1.00),5.511540598,5.19259688,3.84240321,5.539757897,8.295129995,5.173573486,5.903193044,5.104127854,4.700728967,46.40348429,61.62918239,85.32732393,43.5963476,47.39498177,45.83286864,43.57722627,46.99301621,45.4754044,10.63530511,16.50745182,13.8535558,9.463554979,9.097571477,10.160829,10.99406969,10.69580682,10.48565297,4.070179303,7.324602696,7.279351406,3.421409577,3.578283825,4.211035029,3.954193167,4.024968295,4.353364742,0.539565314,0.50541773,0.468144311,0.486117932,0.474702118,0.546376904,0.538676108,0.557233571,0.567740432,0.723743702,0.777604754,0.851548953,0.685881269,0.711231592,0.72681176,0.712244011,0.723882931,0.744699036
0101000020E6100000053411363C6D59C0744694F6060F3B40,8,Coahuila,_,-,27.0587,-101.7068,Río Grande - Bravo,Bravo / Sosa,,752147,MEX.7_1,MEX,Mexico,Coahuila,1-3 cm,1-3 cm,1-3 cm,1-3 cm,3-10 cm,1-3 cm,1-3 cm,1-3 cm,1-3 cm,1-3 cm,3-10 cm,3-10 cm,1-3 cm,1-3 cm,1-3 cm,1-3 cm,1-3 cm,1-3 cm,Extremely high (>80%),Extremely high (>80%),Extremely high (>80%),Extremely high (>80%),Extremely high (>80%),Extremely high (>80%),Extremely high (>80%),Extremely high (>80%),Extremely high (>80%),Extremely High (>75%),Extremely High (>75%),Extremely High (>75%),Extremely High (>75%),Extremely High (>75%),Extremely High (>75%),Extremely High (>75%),Extremely High (>75%),Extremely High (>75%),Extremely High (>1.00),Extremely High (>1.00),Extremely High (>1.00),Extremely High (>1.00),Extremely High (>1.00),Extremely High (>1.00),Extremely High (>1.00),Extremely High (>1.00),Extremely High (>1.00),Low - Medium (0.33-0.66),Low - Medium (0.33-0.66),Low - Medium (0.33-0.66),Low - Medium (0.33-0.66),Low - Medium (0.33-0.66),Medium - High (0.66-1.00),Low - Medium (0.33-0.66),Low - Medium (0.33-0.66),Low - Medium (0.33-0.66),2.450640211,2.368822491,2.581169987,2.150730776,3.099444718,2.361368874,2.148873809,2.244065598,2.745422005,2.70824474,3.033489058,3.314959424,2.767383554,2.806698831,2.835681573,2.681353648,2.847905413,2.869633088,1.813632627,1.788625071,2.104856565,9999,1.50164751,9999,1.88609688,2.191607513,1.89803844,1.281759415,1.358687626,1.202069494,9999,1.384411665,9999,1.342267874,1.231149554,1.198465943,1.154117274,1.446596865,1.329343348,1.23398895,1.310002647,1.340821833,1.2352635,1.336508416,1.382971739,0.501688311,0.601125346,0.557132569,0.529083529,0.557500476,0.671609309,0.448856817,0.473686614,0.560625222
0101000020E610000027C286A757EE59C0ADFA5C6DC53E3340,9,Colima,_,-,19.2452,-103.7241,Pacific Central Coast,Armería,,771304,MEX.8_1,MEX,Mexico,Colima,30-100 cm,30-100 cm,30-100 cm,30-100 cm,30-100 cm,30-100 cm,30-100 cm,30-100 cm,30-100 cm,3-10 cm,3-10 cm,3-10 cm,3-10 cm,3-10 cm,3-10 cm,3-10 cm,3-10 cm,3-10 cm,Extremely high (>80%),Extremely high (>80%),Extremely high (>80%),Extremely high (>80%),Extremely high (>80%),Extremely high (>80%),Extremely high (>80%),Extremely high (>80%),Extremely high (>80%),High (50-75%),High (50-75%),High (50-75%),High (50-75%),High (50-75%),High (50-75%),High (50-75%),High (50-75%),Extremely High (>75%),Low - Medium (0.25-0.50),Low - Medium (0.25-0.50),Low - Medium (0.25-0.50),Low - Medium (0.25-0.50),Low - Medium (0.25-0.50),Low - Medium (0.25-0.50),Low - Medium (0.25-0.50),Low - Medium (0.25-0.50),Low - Medium (0.25-0.50),Medium - High (0.66-1.00),Medium - High (0.66-1.00),Medium - High (0.66-1.00),Medium - High (0.66-1.00),Medium - High (0.66-1.00),Medium - High (0.66-1.00),Medium - High (0.66-1.00),Medium - High (0.66-1.00),Medium - High (0.66-1.00),39.5533222,38.94756674,32.444448,38.48164685,41.79987447,36.47734054,38.33870726,38.24639382,33.34473636,4.478645813,4.97742512,5.846436826,4.463114023,4.584699511,4.610981941,4.405196884,4.718060601,4.875241509,1.463460301,1.705519527,2.117591509,1.590877469,1.466277066,1.823474169,1.568968613,1.780418992,2.408748918,0.677884795,0.669149465,0.679164297,0.695544449,0.644525897,0.715175273,0.667516183,0.741276231,0.925823386,0.405455131,0.437854043,0.454723496,0.431767601,0.467706962,0.457225568,0.382843469,0.414332337,0.49241889,0.785836009,0.799904885,0.783058771,0.791307487,0.807418283,0.770144854,0.774066231,0.782662623,0.798944235
0101000020E6100000D26F5F07CE295AC06519E25817073840,10,Durango,_,-,24.0277,-104.6532,"Mexico, Northwest Coast",San Pedro,,771520,MEX.10_1,MEX,Mexico,Durango,10-30 cm,10-30 cm,10-30 cm,10-30 cm,10-30 cm,10-30 cm,10-30 cm,10-30 cm,10-30 cm,3-10 cm,3-10 cm,3-10 cm,3-10 cm,3-10 cm,3-10 cm,3-10 cm,3-10 cm,3-10 cm,Extremely high (>80%),Extremely high (>80%),Extremely high (>80%),Extremely high (>80%),Extremely high (>80%),Extremely high (>80%),Extremely high (>80%),Extremely high (>80%),Extremely high (>80%),Extremely High (>75%),Extremely High (>75%),Extremely High (>75%),Extremely High (>75%),Extremely High (>75%),Extremely High (>75%),Extremely High (>75%),Extremely High (>75%),Extremely High (>75%),Low - Medium (0.25-0.50),Low - Medium (0.25-0.50),Medium - High (0.50-0.75),Low - Medium (0.25-0.50),Low - Medium (0.25-0.50),Low - Medium (0.25-0.50),Low - Medium (0.25-0.50),Low - Medium (0.25-0.50),Low - Medium (0.25-0.50),Medium - High (0.66-1.00),Medium - High (0.66-1.00),Medium - High (0.66-1.00),Medium - High (0.66-1.00),Medium - High (0.66-1.00),Medium - High (0.66-1.00),Medium - High (0.66-1.00),Medium - High (0.66-1.00),Medium - High (0.66-1.00),17.22991902,18.72462161,15.54037066,19.04480217,18.06885078,15.35040248,18.41170476,18.36983116,17.50409806,3.652964862,4.366273854,5.069990799,3.502078196,3.831683413,3.747183697,3.60647408,4.154519725,4.237934415,1.566211233,1.797930938,2.343992679,1.500364757,1.700989766,1.704552464,1.631433592,1.790948614,1.8016694,0.851207328,0.967536904,1.243019897,0.81630483,0.904619562,0.906947612,0.880948932,0.971229745,0.962955101,0.424505786,0.450636776,0.502476308,0.459929931,0.444631444,0.440875108,0.440447594,0.466119386,0.474192117,0.859096208,0.864635258,0.84032459,0.880251821,0.86603697,0.848236662,0.845807977,0.84877644,0.812306829
0101000020E6100000637FD93D795059C0BE9F1A2FDD043540,11,Guanajuato,_,-,21.019,-101.2574,Río Lerma,Lerma / Salamanca,,771470,MEX.11_1,MEX,Mexico,Guanajuato,30-100 cm,30-100 cm,10-30 cm,30-100 cm,30-100 cm,10-30 cm,30-100 cm,30-100 cm,10-30 cm,10-30 cm,10-30 cm,10-30 cm,10-30 cm,10-30 cm,10-30 cm,10-30 cm,10-30 cm,10-30 cm,Extremely high (>80%),Extremely high (>80%),Extremely high (>80%),Extremely high (>80%),Extremely high (>80%),Extremely high (>80%),Extremely high (>80%),Extremely high (>80%),Extremely high (>80%),Extremely High (>75%),Extremely High (>75%),Extremely High (>75%),Extremely High (>75%),Extremely High (>75%),Extremely High (>75%),Extremely High (>75%),Extremely High (>75%),Extremely High (>75%),Low - Medium (0.25-0.50),Low - Medium (0.25-0.50),Low - Medium (0.25-0.50),Low - Medium (0.25-0.50),Low - Medium (0.25-0.50),Low - Medium (0.25-0.50),Low - Medium (0.25-0.50),Low - Medium (0.25-0.50),Medium - High (0.50-0.75),Medium - High (0.66-1.00),Medium - High (0.66-1.00),Medium - High (0.66-1.00),Medium - High (0.66-1.00),Medium - High (0.66-1.00),Medium - High (0.66-1.00),Medium - High (0.66-1.00),Medium - High (0.66-1.00),Medium - High (0.66-1.00),35.41337945,34.16391582,26.08952398,36.43665627,38.86673394,29.79479913,32.79868705,34.81347972,29.66106748,15.61446611,18.05185067,21.67144964,15.16076745,15.81398235,15.94420273,15.61601949,15.9709269,17.03523717,2.247538747,2.576287547,4.016867603,2.228179713,2.105890104,2.730421908,2.437053764,2.68926694,3.201837761,1.081935327,1.180888323,1.730406305,1.076808941,0.976676291,1.331782235,1.146133596,1.264441432,1.446444669,0.437502422,0.410357421,0.444368683,0.405066697,0.41370909,0.457767861,0.434449773,0.456117969,0.516857071,0.759843993,0.796793013,0.819133785,0.785175395,0.774776277,0.773570588,0.792326698,0.803631664,0.799015849
0101000020E61000006666666666EA58C06891ED7C3F053240,12,Guerrero,_,-,18.0205,-99.6625,Río Balsas,Balsas / Mezcala,,771250,MEX.12_1,MEX,Mexico,Guerrero,30-100 cm,100-300 cm,30-100 cm,100-300 cm,100-300 cm,30-100 cm,30-100 cm,30-100 cm,30-100 cm,3-10 cm,3-10 cm,3-10 cm,1-3 cm,1-3 cm,1-3 cm,1-3 cm,3-10 cm,3-10 cm,Low-medium (10-20%),Medium-high (20-40%),High (40-80%),Low (<10%),Low-medium (10-20%),Low-medium (10-20%),Low-medium (10-20%),Medium-high (20-40%),Medium-high (20-40%),Low - Medium (5-25%),Low - Medium (5-25%),Medium - High (25-50%),Low - Medium (5-25%),Low - Medium (5-25%),Low - Medium (5-25%),Low - Medium (5-25%),Low - Medium (5-25%),Low - Medium (5-25%),Low - Medium (0.25-0.50),Low - Medium (0.25-0.50),Low - Medium (0.25-0.50),Low - Medium (0.25-0.50),Low - Medium (0.25-0.50),Low - Medium (0.25-0.50),Low - Medium (0.25-0.50),Low - Medium (0.25-0.50),Low - Medium (0.25-0.50),Medium - High (0.66-1.00),Medium - High (0.66-1.00),Medium - High (0.66-1.00),Medium - High (0.66-1.00),Medium - High (0.66-1.00),Medium - High (0.66-1.00),Medium - High (0.66-1.00),Medium - High (0.66-1.00),Medium - High (0.66-1.00),99.77751072,100.1272952,74.9751246,104.2021235,101.8230961,87.54626257,99.5290761,94.59991175,83.19579624,3.583239361,6.631179484,8.286797001,2.560216315,2.865078941,2.986711598,2.949037151,4.190769185,4.913664858,0.166685492,0.382706707,0.637010346,0.099010253,0.10336366,0.14815749,0.129483759,0.235242554,0.343954463,0.087284906,0.202790581,0.321396058,0.05058434,0.052057544,0.076189138,0.065355939,0.123874078,0.183779515,0.360538974,0.347653565,0.441339238,0.317910112,0.369437037,0.364406316,0.363548338,0.387853532,0.420869393,0.727116832,0.728544704,0.743761964,0.717591497,0.723054717,0.737882567,0.719298509,0.72461712,0.75152311
0101000020E61000001B9E5E29CBB058C065AA605452173440,13,Hidalgo,_,-,20.0911,-98.7624,Río Verde,Moctezuma,,753240,MEX.13_1,MEX,Mexico,Hidalgo,3-10 cm,3-10 cm,3-10 cm,3-10 cm,3-10 cm,3-10 cm,3-10 cm,3-10 cm,3-10 cm,>30 cm,>30 cm,>30 cm,>30 cm,>30 cm,>30 cm,>30 cm,>30 cm,>30 cm,Extremely high (>80%),Extremely high (>80%),Extremely high (>80%),Extremely high (>80%),Extremely high (>80%),Extremely high (>80%),Extremely high (>80%),Extremely high (>80%),Extremely high (>80%),Extremely High (>75%),Extremely High (>75%),Extremely High (>75%),Extremely High (>75%),Extremely High (>75%),Extremely High (>75%),Extremely High (>75%),Extremely High (>75%),Extremely High (>75%),Medium - High (0.50-0.75),Medium - High (0.50-0.75),Low - Medium (0.25-0.50),Low - Medium (0.25-0.50),Low - Medium (0.25-0.50),Medium - High (0.50-0.75),Medium - High (0.50-0.75),Medium - High (0.50-0.75),Medium - High (0.50-0.75),Medium - High (0.66-1.00),Medium - High (0.66-1.00),Medium - High (0.66-1.00),Medium - High (0.66-1.00),Medium - High (0.66-1.00),Medium - High (0.66-1.00),Medium - High (0.66-1.00),Medium - High (0.66-1.00),Medium - High (0.66-1.00),5.511540598,5.19259688,3.84240321,5.539757897,8.295129995,5.173573486,5.903193044,5.104127854,4.700728967,46.40348429,61.62918239,85.32732393,43.5963476,47.39498177,45.83286864,43.57722627,46.99301621,45.4754044,10.63530511,16.50745182,13.8535558,9.463554979,9.097571477,10.160829,10.99406969,10.69580682,10.48565297,4.070179303,7.324602696,7.279351406,3.421409577,3.578283825,4.211035029,3.954193167,4.024968295,4.353364742,0.539565314,0.50541773,0.468144311,0.486117932,0.474702118,0.546376904,0.538676108,0.557233571,0.567740432,0.723743702,0.777604754,0.851548953,0.685881269,0.711231592,0.72681176,0.712244011,0.723882931,0.744699036
0101000020E61000009FABADD85FD659C0D42B6519E2A83440,14,Jalisco,_,-,20.6597,-103.3496,Río Lerma,Santiago Guadalajara,,771450,MEX.14_1,MEX,Mexico,Jalisco,30-100 cm,30-100 cm,30-100 cm,30-100 cm,30-100 cm,30-100 cm,30-100 cm,30-100 cm,30-100 cm,3-10 cm,3-10 cm,10-30 cm,3-10 cm,3-10 cm,3-10 cm,3-10 cm,3-10 cm,3-10 cm,High (40-80%),High (40-80%),Extremely high (>80%),High (40-80%),High (40-80%),Extremely high (>80%),High (40-80%),High (40-80%),Extremely high (>80%),Medium - High (25-50%),Medium - High (25-50%),High (50-75%),Medium - High (25-50%),Medium - High (25-50%),Medium - High (25-50%),Medium - High (25-50%),Medium - High (25-50%),Medium - High (25-50%),Low - Medium (0.25-0.50),Low - Medium (0.25-0.50),Medium - High (0.50-0.75),Low - Medium (0.25-0.50),Low - Medium (0.25-0.50),Medium - High (0.50-0.75),Low - Medium (0.25-0.50),Medium - High (0.50-0.75),Medium - High (0.50-0.75),Medium - High (0.66-1.00),Medium - High (0.66-1.00),Medium - High (0.66-1.00),Medium - High (0.66-1.00),Medium - High (0.66-1.00),Medium - High (0.66-1.00),Medium - High (0.66-1.00),Medium - High (0.66-1.00),Medium - High (0.66-1.00),80.63481109,77.37139022,60.08805517,81.53564259,97.72333326,67.51075615,72.02021347,77.89536496,65.55155731,6.773946439,8.89485465,11.31438405,6.619272872,7.643597168,7.595812779,6.551704082,7.478476095,7.670395295,0.576014523,0.754283415,1.040899325,0.573243553,0.600341931,0.835460892,0.5546401,0.703345833,0.806514488,0.270804939,0.367697274,0.512020981,0.27026586,0.303064857,0.417451639,0.258708907,0.337619171,0.403069579,0.480016295,0.477409688,0.525969934,0.470923705,0.463061357,0.516570241,0.490667962,0.510402873,0.570406434,0.905234844,0.924908928,0.947001105,0.902227594,0.903590818,0.895752982,0.909822741,0.914391708,0.919153087
0101000020E61000002EFF21FDF6E958C07FD93D7958483340,15,Estado de México,_,-,19.2826,-99.6557,Río Lerma,Lerma / Toluca,,771490,MEX.15_1,MEX,Mexico,México,30-100 cm,30-100 cm,10-30 cm,30-100 cm,30-100 cm,30-100 cm,30-100 cm,30-100 cm,30-100 cm,10-30 cm,10-30 cm,10-30 cm,10-30 cm,10-30 cm,10-30 cm,10-30 cm,10-30 cm,10-30 cm,High (40-80%),Extremely high (>80%),Extremely high (>80%),High (40-80%),Extremely high (>80%),Extremely high (>80%),Extremely high (>80%),Extremely high (>80%),Extremely high (>80%),Medium - High (25-50%),Medium - High (25-50%),Extremely High (>75%),Medium - High (25-50%),Medium - High (25-50%),Medium - High (25-50%),Medium - High (25-50%),Medium - High (25-50%),Medium - High (25-50%),Low - Medium (0.25-0.50),Low - Medium (0.25-0.50),Low - Medium (0.25-0.50),Low - Medium (0.25-0.50),Low - Medium (0.25-0.50),Low - Medium (0.25-0.50),Low - Medium (0.25-0.50),Low - Medium (0.25-0.50),Low - Medium (0.25-0.50),Low - Medium (0.33-0.66),Low - Medium (0.33-0.66),Medium - High (0.66-1.00),Low - Medium (0.33-0.66),Low - Medium (0.33-0.66),Low - Medium (0.33-0.66),Low - Medium (0.33-0.66),Low - Medium (0.33-0.66),Low - Medium (0.33-0.66),37.23519398,34.94823019,26.52296186,37.21452867,41.69140482,32.35631494,33.56894917,35.08164587,30.16808818,13.24972686,15.79487498,20.2229571,12.79077631,13.4154426,13.30881363,12.93754336,13.60552095,14.51841887,0.790035273,0.964438923,1.755179122,0.789268829,0.800722624,0.943392239,0.884939458,0.94358614,1.125231793,0.360571898,0.444032718,0.800805003,0.353883811,0.35396738,0.445326247,0.38010513,0.423844346,0.489252034,0.406969049,0.386130299,0.468660961,0.365614847,0.362480058,0.403535786,0.408601046,0.404913553,0.474436702,0.576976494,0.609674362,0.690370546,0.594303264,0.577437456,0.578192276,0.580161036,0.601959057,0.592200272
0101000020E6100000053411363C6D59C01B2FDD2406913340,16,Michoacán,_,-,19.5665,-101.7068,Río Balsas,Lago de Patzcuaro / Cuitzeo / Lago de Yuriria,,771490,MEX.16_1,MEX,Mexico,Michoacán,30-100 cm,30-100 cm,10-30 cm,30-100 cm,30-100 cm,30-100 cm,30-100 cm,30-100 cm,30-100 cm,10-30 cm,10-30 cm,10-30 cm,10-30 cm,10-30 cm,10-30 cm,10-30 cm,10-30 cm,10-30 cm,High (40-80%),Extremely high (>80%),Extremely high (>80%),High (40-80%),Extremely high (>80%),Extremely high (>80%),Extremely high (>80%),Extremely high (>80%),Extremely high (>80%),Medium - High (25-50%),Medium - High (25-50%),Extremely High (>75%),Medium - High (25-50%),Medium - High (25-50%),Medium - High (25-50%),Medium - High (25-50%),Medium - High (25-50%),Medium - High (25-50%),Low - Medium (0.25-0.50),Low - Medium (0.25-0.50),Low - Medium (0.25-0.50),Low - Medium (0.25-0.50),Low - Medium (0.25-0.50),Low - Medium (0.25-0.50),Low - Medium (0.25-0.50),Low - Medium (0.25-0.50),Low - Medium (0.25-0.50),Low - Medium (0.33-0.66),Low - Medium (0.33-0.66),Medium - High (0.66-1.00),Low - Medium (0.33-0.66),Low - Medium (0.33-0.66),Low - Medium (0.33-0.66),Low - Medium (0.33-0.66),Low - Medium (0.33-0.66),Low - Medium (0.33-0.66),37.23519398,34.94823019,26.52296186,37.21452867,41.69140482,32.35631494,33.56894917,35.08164587,30.16808818,13.24972686,15.79487498,20.2229571,12.79077631,13.4154426,13.30881363,12.93754336,13.60552095,14.51841887,0.790035273,0.964438923,1.755179122,0.789268829,0.800722624,0.943392239,0.884939458,0.94358614,1.125231793,0.360571898,0.444032718,0.800805003,0.353883811,0.35396738,0.445326247,0.38010513,0.423844346,0.489252034,0.406969049,0.386130299,0.468660961,0.365614847,0.362480058,0.403535786,0.408601046,0.404913553,0.474436702,0.576976494,0.609674362,0.690370546,0.594303264,0.577437456,0.578192276,0.580161036,0.601959057,0.592200272
0101000020E61000006DC5FEB27BC658C0CAC342AD69AE3240,17,Morelos,_,-,18.6813,-99.1013,Río Balsas,Grande de Amacuzac,,771260,MEX.17_1,MEX,Mexico,Morelos,30-100 cm,10-30 cm,10-30 cm,30-100 cm,30-100 cm,10-30 cm,10-30 cm,10-30 cm,10-30 cm,10-30 cm,10-30 cm,10-30 cm,10-30 cm,10-30 cm,10-30 cm,10-30 cm,10-30 cm,10-30 cm,Extremely high (>80%),Extremely high (>80%),Extremely high (>80%),Extremely high (>80%),Extremely high (>80%),Extremely high (>80%),Extremely high (>80%),Extremely high (>80%),Extremely high (>80%),High (50-75%),Extremely High (>75%),Extremely High (>75%),High (50-75%),High (50-75%),Extremely High (>75%),High (50-75%),High (50-75%),Extremely High (>75%),Low - Medium (0.25-0.50),Low - Medium (0.25-0.50),Low - Medium (0.25-0.50),Low - Medium (0.25-0.50),Low - Medium (0.25-0.50),Low - Medium (0.25-0.50),Low - Medium (0.25-0.50),Low - Medium (0.25-0.50),Low - Medium (0.25-0.50),Medium - High (0.66-1.00),Medium - High (0.66-1.00),Medium - High (0.66-1.00),Medium - High (0.66-1.00),Medium - High (0.66-1.00),Medium - High (0.66-1.00),Medium - High (0.66-1.00),Medium - High (0.66-1.00),Medium - High (0.66-1.00),30.46173909,29.11244184,22.97878403,30.92042546,31.41839779,26.52450588,29.40929793,28.98927537,24.62566986,10.8861954,13.08613516,17.15821706,10.35589279,10.83080997,10.90421136,10.37291518,11.21162809,11.4346204,1.2972921,1.660653633,2.677036519,1.262620568,1.28905227,1.588022529,1.289278845,1.506184763,1.90570359,0.636778896,0.808364886,1.357733474,0.585495312,0.620181573,0.774662205,0.620643966,0.713245112,0.903099652,0.413391519,0.413258334,0.455388913,0.384805434,0.400682431,0.407555164,0.400209692,0.444630751,0.474236852,0.845581154,0.848770965,0.858935578,0.830267597,0.830856241,0.830622053,0.821635584,0.829117965,0.812712758
0101000020E6100000273108AC1C365AC0E3361AC05BC03540,18,Nayarit,_,-,21.7514,-104.8455,Río Lerma,Santiago / Aguamilpa,,771410,MEX.18_1,MEX,Mexico,Nayarit,>1000 cm,>1000 cm,>1000 cm,>1000 cm,>1000 cm,>1000 cm,>1000 cm,>1000 cm,>1000 cm,10-30 cm,10-30 cm,10-30 cm,10-30 cm,10-30 cm,10-30 cm,10-30 cm,10-30 cm,10-30 cm,Low (<10%),Low-medium (10-20%),Low-medium (10-20%),Low (<10%),Low (<10%),Low-medium (10-20%),Low (<10%),Low-medium (10-20%),Low-medium (10-20%),Low (<5%),Low - Medium (5-25%),Low - Medium (5-25%),Low (<5%),Low - Medium (5-25%),Low - Medium (5-25%),Low (<5%),Low - Medium (5-25%),Low - Medium (5-25%),Low - Medium (0.25-0.50),Low - Medium (0.25-0.50),Low - Medium (0.25-0.50),Low - Medium (0.25-0.50),Low - Medium (0.25-0.50),Low - Medium (0.25-0.50),Low - Medium (0.25-0.50),Low - Medium (0.25-0.50),Low - Medium (0.25-0.50),Medium - High (0.66-1.00),Medium - High (0.66-1.00),Medium - High (0.66-1.00),Medium - High (0.66-1.00),Medium - High (0.66-1.00),Medium - High (0.66-1.00),Medium - High (0.66-1.00),Medium - High (0.66-1.00),Medium - High (0.66-1.00),2148.088621,2072.0732,1606.98136,2267.444115,2611.10605,1855.515603,2234.461947,2124.952759,1603.245455,11.64340575,17.87671406,21.44145624,10.14240856,13.04628467,13.34942278,11.18085354,14.59908681,14.54780623,0.075756793,0.15971797,0.165043322,0.065261841,0.095919512,0.10668032,0.063795959,0.102895872,0.12685155,0.046333303,0.089177243,0.092738801,0.038925965,0.056565221,0.060921188,0.039437981,0.060163456,0.071546706,0.408835079,0.398405326,0.463600688,0.393647606,0.395746051,0.423695389,0.424582556,0.419620555,0.471970523,0.753947149,0.779660201,0.74805008,0.770552738,0.766869815,0.732488374,0.756056508,0.760149674,0.768692847
0101000020E610000000917EFB3A1459C0006F8104C5AF3940,19,Nuevo León,_,-,25.6866,-100.3161,Río Grande - Bravo,Bravo / San Juan,,752123,MEX.19_1,MEX,Mexico,Nuevo León,10-30 cm,10-30 cm,10-30 cm,10-30 cm,10-30 cm,10-30 cm,10-30 cm,10-30 cm,10-30 cm,3-10 cm,10-30 cm,10-30 cm,3-10 cm,3-10 cm,3-10 cm,3-10 cm,3-10 cm,3-10 cm,High (40-80%),High (40-80%),High (40-80%),High (40-80%),High (40-80%),High (40-80%),High (40-80%),High (40-80%),High (40-80%),Low - Medium (5-25%),Medium - High (25-50%),Medium - High (25-50%),Medium - High (25-50%),Low - Medium (5-25%),Medium - High (25-50%),Low - Medium (5-25%),Low - Medium (5-25%),Low - Medium (5-25%),High (0.75-1.00),High (0.75-1.00),High (0.75-1.00),High (0.75-1.00),Extremely High (>1.00),High (0.75-1.00),High (0.75-1.00),High (0.75-1.00),High (0.75-1.00),Low - Medium (0.33-0.66),Low - Medium (0.33-0.66),Low - Medium (0.33-0.66),Low - Medium (0.33-0.66),Low - Medium (0.33-0.66),Low - Medium (0.33-0.66),Low - Medium (0.33-0.66),Low - Medium (0.33-0.66),Low - Medium (0.33-0.66),23.42041936,20.38956109,24.8805406,18.46626909,26.9122575,17.71439868,19.8587048,20.42544108,20.75289657,7.885529866,10.02059173,12.92448804,7.6142535,8.144794234,7.897784933,7.72194629,8.256084671,7.99277394,0.472984512,0.707386811,0.772024488,0.659176437,0.496430189,0.616848555,0.589611292,0.546293997,0.573665892,0.19461274,0.304521212,0.368443775,0.263691688,0.210358753,0.256811131,0.234389485,0.21482763,0.238038473,0.82398438,0.847103951,0.861297383,0.992915851,1.078743568,0.801251669,0.781906565,0.781666681,0.871730645,0.537051859,0.549494274,0.557395151,0.519692281,0.54948099,0.5160667,0.520455837,0.540748358,0.633410237
0101000020E61000008351499D802E58C03411363CBD123140,20,Oaxaca,_,-,17.0732,-96.7266,Isthmus of Tehuantepec,Atoyac B,,771180,MEX.20_1,MEX,Mexico,Oaxaca,30-100 cm,30-100 cm,30-100 cm,30-100 cm,30-100 cm,30-100 cm,30-100 cm,30-100 cm,30-100 cm,1-3 cm,3-10 cm,3-10 cm,1-3 cm,1-3 cm,1-3 cm,1-3 cm,1-3 cm,1-3 cm,Low (<10%),Low (<10%),Low-medium (10-20%),Low (<10%),Low (<10%),Low (<10%),Low (<10%),Low (<10%),Low (<10%),Low (<5%),Low (<5%),Low - Medium (5-25%),Low (<5%),Low (<5%),Low (<5%),Low (<5%),Low (<5%),Low (<5%),Low - Medium (0.25-0.50),Low - Medium (0.25-0.50),Low - Medium (0.25-0.50),Low - Medium (0.25-0.50),Low - Medium (0.25-0.50),Low - Medium (0.25-0.50),Low - Medium (0.25-0.50),Low - Medium (0.25-0.50),Low - Medium (0.25-0.50),Low - Medium (0.33-0.66),Low - Medium (0.33-0.66),Low - Medium (0.33-0.66),Low - Medium (0.33-0.66),Low - Medium (0.33-0.66),Low - Medium (0.33-0.66),Low - Medium (0.33-0.66),Low - Medium (0.33-0.66),Low - Medium (0.33-0.66),79.58235176,74.6363758,67.84760409,82.71529842,85.80360286,72.35863738,78.45480103,75.00078793,70.70840674,2.719226384,3.275828381,4.278247638,2.568334606,2.752456466,2.670997332,2.572899639,2.7726814,2.775927286,0.079607357,0.088754807,0.117171979,0.070347234,0.069354607,0.083148767,0.071738156,0.082265891,0.08885348,0.036574102,0.041309328,0.057769596,0.032123933,0.03216808,0.038742714,0.033458949,0.037257652,0.041143118,0.325431163,0.400265476,0.39936162,0.32307198,0.327187871,0.343424712,0.364040928,0.386799373,0.402139112,0.576667229,0.582480463,0.590180557,0.58051351,0.5753845,0.578316105,0.579316981,0.573836718,0.604100233
0101000020E61000008C4AEA04348D58C0ED0DBE30990A3340,21,Puebla,_,-,19.0414,-98.2063,Río Balsas,Atoyac A,,771290,MEX.21_1,MEX,Mexico,Puebla,30-100 cm,30-100 cm,10-30 cm,30-100 cm,30-100 cm,30-100 cm,30-100 cm,30-100 cm,30-100 cm,10-30 cm,10-30 cm,10-30 cm,10-30 cm,10-30 cm,10-30 cm,10-30 cm,10-30 cm,10-30 cm,High (40-80%),High (40-80%),Extremely high (>80%),High (40-80%),High (40-80%),High (40-80%),High (40-80%),High (40-80%),Extremely high (>80%),Medium - High (25-50%),Medium - High (25-50%),High (50-75%),Low - Medium (5-25%),Low - Medium (5-25%),Medium - High (25-50%),Low - Medium (5-25%),Medium - High (25-50%),Medium - High (25-50%),Low - Medium (0.25-0.50),Low - Medium (0.25-0.50),Medium - High (0.50-0.75),Low - Medium (0.25-0.50),Low - Medium (0.25-0.50),Low - Medium (0.25-0.50),Low - Medium (0.25-0.50),Low - Medium (0.25-0.50),Medium - High (0.50-0.75),Low - Medium (0.33-0.66),Low - Medium (0.33-0.66),Medium - High (0.66-1.00),Low - Medium (0.33-0.66),Low - Medium (0.33-0.66),Low - Medium (0.33-0.66),Low - Medium (0.33-0.66),Low - Medium (0.33-0.66),Low - Medium (0.33-0.66),43.12873742,43.04256626,29.05650773,43.30397449,46.88453249,37.05296537,45.73346032,37.13642021,34.53949189,13.72262836,16.76518717,22.22334148,12.9591467,13.76648348,13.67716806,13.16269379,14.04609428,14.65709924,0.602397567,0.711299838,1.446173056,0.571208127,0.551218736,0.68980781,0.571363367,0.766912851,0.825361855,0.254742588,0.29162972,0.651593357,0.231487146,0.222503716,0.298518056,0.240791079,0.305468595,0.329781937,0.422626115,0.453017505,0.514387326,0.418516703,0.463276577,0.44886509,0.441571896,0.468536763,0.52482738,0.613105705,0.629344703,0.693553953,0.596597516,0.608571624,0.614799155,0.5990158,0.608354716,0.662076904
0101000020E6100000772D211FF41859C082E2C798BB963440,22,Querétaro,_,-,20.5888,-100.3899,Río Lerma,Laja,,771480,MEX.22_1,MEX,Mexico,Querétaro,30-100 cm,10-30 cm,10-30 cm,30-100 cm,30-100 cm,10-30 cm,10-30 cm,10-30 cm,10-30 cm,10-30 cm,10-30 cm,10-30 cm,10-30 cm,10-30 cm,10-30 cm,10-30 cm,10-30 cm,10-30 cm,Extremely high (>80%),Extremely high (>80%),Extremely high (>80%),Extremely high (>80%),Extremely high (>80%),Extremely high (>80%),Extremely high (>80%),Extremely high (>80%),Extremely high (>80%),High (50-75%),High (50-75%),Extremely High (>75%),High (50-75%),High (50-75%),High (50-75%),High (50-75%),High (50-75%),High (50-75%),Medium - High (0.50-0.75),Medium - High (0.50-0.75),Medium - High (0.50-0.75),Medium - High (0.50-0.75),Medium - High (0.50-0.75),Medium - High (0.50-0.75),Medium - High (0.50-0.75),Medium - High (0.50-0.75),Medium - High (0.50-0.75),Medium - High (0.66-1.00),Medium - High (0.66-1.00),Medium - High (0.66-1.00),Medium - High (0.66-1.00),Medium - High (0.66-1.00),Medium - High (0.66-1.00),Medium - High (0.66-1.00),Medium - High (0.66-1.00),Medium - High (0.66-1.00),30.02761309,27.52522824,20.90667007,30.9753832,37.68883399,25.11149224,26.78520259,29.06748848,24.40391872,12.42288203,14.62439012,18.52773295,12.12047817,12.5320249,12.57401037,12.47591783,12.95714329,13.83066832,1.375463934,1.639427937,2.585842911,1.261070594,1.23990133,1.560454903,1.583405282,1.555314514,1.853880851,0.566161925,0.692388571,1.149018193,0.515364688,0.527861965,0.682346848,0.637176608,0.659606116,0.749863131,0.57373295,0.543455864,0.620367308,0.54146277,0.501070573,0.570948032,0.579386245,0.581632383,0.675099707,0.696398597,0.754601618,0.784487558,0.713961555,0.70410924,0.707815005,0.709210134,0.736648445,0.737474607
0101000020E6100000DFE00B93A91E56C0E6AE25E4832E3340,23,Quintana Roo,_,-,19.1817,-88.4791,Yucatán Peninsula,Cerradas,,753715,MEX.23_1,MEX,Mexico,Quintana Roo,10-30 cm,10-30 cm,10-30 cm,10-30 cm,10-30 cm,10-30 cm,10-30 cm,10-30 cm,10-30 cm,1-3 cm,1-3 cm,1-3 cm,1-3 cm,1-3 cm,1-3 cm,1-3 cm,1-3 cm,1-3 cm,Low-medium (10-20%),Low-medium (10-20%),Medium-high (20-40%),Low-medium (10-20%),Low (<10%),Low-medium (10-20%),Low-medium (10-20%),Low-medium (10-20%),Medium-high (20-40%),Low (<5%),Low - Medium (5-25%),Low - Medium (5-25%),Low (<5%),Low (<5%),Low - Medium (5-25%),Low (<5%),Low (<5%),Low - Medium (5-25%),Medium - High (0.50-0.75),Medium - High (0.50-0.75),Medium - High (0.50-0.75),Medium - High (0.50-0.75),High (0.75-1.00),Medium - High (0.50-0.75),Medium - High (0.50-0.75),Medium - High (0.50-0.75),Medium - High (0.50-0.75),Low - Medium (0.33-0.66),Low - Medium (0.33-0.66),Low - Medium (0.33-0.66),Low - Medium (0.33-0.66),Low - Medium (0.33-0.66),Low - Medium (0.33-0.66),Low - Medium (0.33-0.66),Low - Medium (0.33-0.66),Low - Medium (0.33-0.66),22.90946082,23.44853268,12.53588825,19.88083432,24.37604046,18.97165767,21.57508622,21.63767826,13.45718342,1.463335022,1.851408702,2.466179082,1.408959048,1.499856324,1.492519306,1.398070855,1.498559117,1.604142164,0.101418456,0.1239442,0.288224677,0.11011323,0.096486114,0.130835645,0.112723228,0.108427215,0.209983903,0.042874993,0.054551572,0.139689225,0.046253133,0.041662279,0.058458514,0.047054895,0.045665323,0.088696029,0.732582094,0.63047291,0.675223846,0.608682023,0.750937755,0.649010827,0.665477455,0.644603887,0.623263589,0.486510607,0.479560832,0.525158927,0.50882531,0.492324646,0.482508416,0.474114308,0.436593158,0.564046542
0101000020E6100000508D976E123F59C0F2D24D6210283640,24,San Luis Potosí,_,-,22.1565,-100.9855,"Mexico, Interior",San Luis Potosí,,753202,MEX.24_1,MEX,Mexico,San Luis Potosí,1-3 cm,1-3 cm,1-3 cm,1-3 cm,1-3 cm,1-3 cm,1-3 cm,1-3 cm,1-3 cm,3-10 cm,3-10 cm,3-10 cm,1-3 cm,3-10 cm,3-10 cm,3-10 cm,3-10 cm,3-10 cm,Extremely high (>80%),Extremely high (>80%),Extremely high (>80%),Extremely high (>80%),Extremely high (>80%),Extremely high (>80%),Extremely high (>80%),Extremely high (>80%),Extremely high (>80%),Extremely High (>75%),Extremely High (>75%),Extremely High (>75%),Extremely High (>75%),Extremely High (>75%),Extremely High (>75%),Extremely High (>75%),Extremely High (>75%),Extremely High (>75%),Medium - High (0.50-0.75),Medium - High (0.50-0.75),Medium - High (0.50-0.75),Medium - High (0.50-0.75),Medium - High (0.50-0.75),Medium - High (0.50-0.75),Medium - High (0.50-0.75),Medium - High (0.50-0.75),Medium - High (0.50-0.75),Low - Medium (0.33-0.66),Low - Medium (0.33-0.66),Low - Medium (0.33-0.66),Low - Medium (0.33-0.66),Low - Medium (0.33-0.66),Low - Medium (0.33-0.66),Low - Medium (0.33-0.66),Low - Medium (0.33-0.66),Low - Medium (0.33-0.66),1.205303075,1.271705238,1.013248926,1.206960176,1.548413936,1.167320679,1.129283841,1.124929047,1.330021762,3.082376683,3.738574434,4.863019918,2.913775803,3.071461006,3.067070027,3.001443964,3.261805989,3.451242256,9999,9999,9999,9999,9999,9999,9999,9999,9999,9999,9999,9999,9999,9999,9999,9999,9999,9999,0.707381001,0.683216626,0.686051473,0.668015918,0.640141752,0.645918417,0.664798171,0.696821281,0.688641558,0.42777815,0.464596639,0.475804155,0.453678076,0.459786401,0.463821406,0.451605126,0.460443897,0.476794267
0101000020E6100000A69BC420B0DE5AC040A4DFBE0E2C3940,25,Sinaloa,_,-,25.1721,-107.4795,"Mexico, Northwest Coast",Culiacán,,771560,MEX.25_1,MEX,Mexico,Sinaloa,10-30 cm,10-30 cm,10-30 cm,10-30 cm,10-30 cm,10-30 cm,10-30 cm,10-30 cm,10-30 cm,1-3 cm,1-3 cm,3-10 cm,1-3 cm,1-3 cm,1-3 cm,1-3 cm,1-3 cm,1-3 cm,Extremely high (>80%),Extremely high (>80%),Extremely high (>80%),Extremely high (>80%),Extremely high (>80%),Extremely high (>80%),Extremely high (>80%),Extremely high (>80%),Extremely high (>80%),High (50-75%),Extremely High (>75%),Extremely High (>75%),High (50-75%),High (50-75%),Extremely High (>75%),High (50-75%),Extremely High (>75%),High (50-75%),Medium - High (0.50-0.75),Medium - High (0.50-0.75),Medium - High (0.50-0.75),High (0.75-1.00),Medium - High (0.50-0.75),Medium - High (0.50-0.75),Medium - High (0.50-0.75),Medium - High (0.50-0.75),High (0.75-1.00),Medium - High (0.66-1.00),Medium - High (0.66-1.00),Medium - High (0.66-1.00),Medium - High (0.66-1.00),Medium - High (0.66-1.00),Medium - High (0.66-1.00),Medium - High (0.66-1.00),Medium - High (0.66-1.00),Medium - High (0.66-1.00),22.01404627,20.82567703,14.80297427,17.42610015,20.90121178,12.60887007,16.97041078,17.89899954,20.33910481,2.540012876,2.908814017,3.492550192,2.483299457,2.572530135,2.566989166,2.467365456,2.596064496,2.639547743,0.867135954,1.33049166,1.546496972,0.949442141,1.02936321,1.275901416,1.228155002,1.358086257,0.95892432,0.506695019,0.841009259,0.991407415,0.580329831,0.598833512,1.294144204,0.736624038,0.777090334,0.561052263,0.674085869,0.735882958,0.735683478,0.754795406,0.738990034,0.68895682,0.666776143,0.720894086,0.847490398,0.715957001,0.742122089,0.728947469,0.734095619,0.758961656,0.741454314,0.714679897,0.730927115,0.75342271
0101000020E6100000C58F31772DBD5BC0DFE00B93A9123D40,26,Sonora,_,-,29.0729,-110.9559,"Mexico, Northwest Coast",Sonora,,771920,MEX.26_1,MEX,Mexico,Sonora,1-3 cm,1-3 cm,< 1 cm,1-3 cm,1-3 cm,< 1 cm,1-3 cm,1-3 cm,1-3 cm,3-10 cm,3-10 cm,3-10 cm,3-10 cm,3-10 cm,3-10 cm,3-10 cm,3-10 cm,3-10 cm,Extremely high (>80%),Extremely high (>80%),Extremely high (>80%),Extremely high (>80%),Extremely high (>80%),Extremely high (>80%),Extremely high (>80%),Extremely high (>80%),Extremely high (>80%),Extremely High (>75%),Extremely High (>75%),Extremely High (>75%),Extremely High (>75%),Extremely High (>75%),Extremely High (>75%),Extremely High (>75%),Extremely High (>75%),Extremely High (>75%),Extremely High (>1.00),High (0.75-1.00),High (0.75-1.00),High (0.75-1.00),High (0.75-1.00),Extremely High (>1.00),High (0.75-1.00),High (0.75-1.00),High (0.75-1.00),Low - Medium (0.33-0.66),Low - Medium (0.33-0.66),Low - Medium (0.33-0.66),Low - Medium (0.33-0.66),Low - Medium (0.33-0.66),Low - Medium (0.33-0.66),Low - Medium (0.33-0.66),Low - Medium (0.33-0.66),Low - Medium (0.33-0.66),1.720816256,1.394025421,0.940015592,1.658368576,1.182522454,0.935698373,1.391953969,1.136907195,1.276052199,3.593043884,3.950449397,4.53458182,3.496468756,3.726851887,3.665900947,3.55328105,3.743953898,3.843131147,9999,9999,9999,9999,9999,9999,9999,9999,9999,9999,9999,9999,9999,9999,9999,9999,9999,9999,1.077999423,0.863639903,0.963928605,0.949867123,0.972975148,1.072649739,0.848230039,0.871620592,0.879543367,0.529026198,0.44940624,0.499812766,0.484904878,0.505035055,0.453626872,0.423842825,0.539737096,0.458708279
0101000020E6100000A4DFBE0E9C2757C0D734EF3845D73140,27,Tabasco,_,-,17.8409,-92.6189,Grijalva - Usumacinta,Grijalva / Villa Hermosa,,753622,MEX.27_1,MEX,Mexico,Tabasco,100-300 cm,100-300 cm,100-300 cm,100-300 cm,100-300 cm,100-300 cm,100-300 cm,100-300 cm,100-300 cm,1-3 cm,3-10 cm,3-10 cm,1-3 cm,1-3 cm,1-3 cm,1-3 cm,1-3 cm,1-3 cm,Low (<10%),Low-medium (10-20%),Medium-high (20-40%),Low (<10%),Low (<10%),Low (<10%),Low (<10%),Low (<10%),Low (<10%),Low (<5%),Low (<5%),Low - Medium (5-25%),Low (<5%),Low (<5%),Low (<5%),Low (<5%),Low (<5%),Low (<5%),Low - Medium (0.25-0.50),Low - Medium (0.25-0.50),Medium - High (0.50-0.75),Low - Medium (0.25-0.50),Low - Medium (0.25-0.50),Medium - High (0.50-0.75),Low - Medium (0.25-0.50),Medium - High (0.50-0.75),Medium - High (0.50-0.75),Low - Medium (0.33-0.66),Low - Medium (0.33-0.66),Low - Medium (0.33-0.66),Low - Medium (0.33-0.66),Low - Medium (0.33-0.66),Low - Medium (0.33-0.66),Low - Medium (0.33-0.66),Low - Medium (0.33-0.66),Low - Medium (0.33-0.66),170.1470068,175.3218519,119.9810478,167.9741498,157.4096317,147.5987966,155.3519189,148.8095395,115.1218063,2.633408613,6.459636475,8.998161071,1.841288368,2.674155473,2.753117032,1.556527121,1.967865969,2.295183853,0.034033963,0.11335919,0.220380701,0.018940785,0.036731081,0.046844008,0.0142414,0.02192306,0.050836905,0.013768817,0.046700561,0.092619024,0.007291003,0.014144061,0.018377808,0.005366677,0.008397091,0.020370423,0.46301392,0.496564081,0.539626709,0.476571492,0.493511216,0.503161099,0.488459217,0.509998056,0.54370778,0.487741428,0.514070072,0.488037835,0.518187542,0.517795372,0.485036039,0.506487455,0.520279016,0.60394056
0101000020E610000044696FF085B558C06A4DF38E53443840,28,Tamaulipas,_,-,24.2669,-98.8363,North Gulf,Soto La Marina,,753108,MEX.28_1,MEX,Mexico,Tamaulipas,10-30 cm,10-30 cm,10-30 cm,10-30 cm,10-30 cm,10-30 cm,10-30 cm,10-30 cm,10-30 cm,3-10 cm,3-10 cm,3-10 cm,3-10 cm,3-10 cm,3-10 cm,3-10 cm,3-10 cm,3-10 cm,High (40-80%),High (40-80%),Extremely high (>80%),High (40-80%),High (40-80%),High (40-80%),High (40-80%),Extremely high (>80%),Extremely high (>80%),Medium - High (25-50%),Medium - High (25-50%),High (50-75%),Medium - High (25-50%),Medium - High (25-50%),Medium - High (25-50%),Medium - High (25-50%),Medium - High (25-50%),Medium - High (25-50%),High (0.75-1.00),High (0.75-1.00),High (0.75-1.00),High (0.75-1.00),High (0.75-1.00),High (0.75-1.00),High (0.75-1.00),High (0.75-1.00),High (0.75-1.00),Low - Medium (0.33-0.66),Low - Medium (0.33-0.66),Low - Medium (0.33-0.66),Low - Medium (0.33-0.66),Low - Medium (0.33-0.66),Low - Medium (0.33-0.66),Low - Medium (0.33-0.66),Low - Medium (0.33-0.66),Low - Medium (0.33-0.66),20.77808622,22.51934995,16.8851499,21.12200558,23.02755132,19.70259804,21.15644011,24.98459167,18.86029457,5.159345527,5.449095006,6.54496748,5.027033769,5.316764803,5.41160775,5.243627491,5.526666387,5.801074756,0.594927403,0.675903199,0.965362094,0.610750216,0.567027157,0.672822626,0.699194372,0.807795975,0.812405036,0.332752393,0.439768135,0.529781258,0.368975673,0.326353729,0.385756611,0.417123835,0.446438649,0.425550739,0.86752963,0.890152627,0.898616945,0.826058709,0.82086268,0.796033268,0.796700285,0.893605012,0.851539501,0.571231606,0.640956631,0.573259103,0.537748696,0.542486789,0.497209163,0.579022722,0.597973535,0.581233444
0101000020E610000033333333338F58C05396218E75513340,29,Tlaxcala,_,-,19.3182,-98.2375,Río Balsas,Atoyac A,,771290,MEX.29_1,MEX,Mexico,Tlaxcala,30-100 cm,30-100 cm,10-30 cm,30-100 cm,30-100 cm,30-100 cm,30-100 cm,30-100 cm,30-100 cm,10-30 cm,10-30 cm,10-30 cm,10-30 cm,10-30 cm,10-30 cm,10-30 cm,10-30 cm,10-30 cm,High (40-80%),High (40-80%),Extremely high (>80%),High (40-80%),High (40-80%),High (40-80%),High (40-80%),High (40-80%),Extremely high (>80%),Medium - High (25-50%),Medium - High (25-50%),High (50-75%),Low - Medium (5-25%),Low - Medium (5-25%),Medium - High (25-50%),Low - Medium (5-25%),Medium - High (25-50%),Medium - High (25-50%),Low - Medium (0.25-0.50),Low - Medium (0.25-0.50),Medium - High (0.50-0.75),Low - Medium (0.25-0.50),Low - Medium (0.25-0.50),Low - Medium (0.25-0.50),Low - Medium (0.25-0.50),Low - Medium (0.25-0.50),Medium - High (0.50-0.75),Low - Medium (0.33-0.66),Low - Medium (0.33-0.66),Medium - High (0.66-1.00),Low - Medium (0.33-0.66),Low - Medium (0.33-0.66),Low - Medium (0.33-0.66),Low - Medium (0.33-0.66),Low - Medium (0.33-0.66),Low - Medium (0.33-0.66),43.12873742,43.04256626,29.05650773,43.30397449,46.88453249,37.05296537,45.73346032,37.13642021,34.53949189,13.72262836,16.76518717,22.22334148,12.9591467,13.76648348,13.67716806,13.16269379,14.04609428,14.65709924,0.602397567,0.711299838,1.446173056,0.571208127,0.551218736,0.68980781,0.571363367,0.766912851,0.825361855,0.254742588,0.29162972,0.651593357,0.231487146,0.222503716,0.298518056,0.240791079,0.305468595,0.329781937,0.422626115,0.453017505,0.514387326,0.418516703,0.463276577,0.44886509,0.441571896,0.468536763,0.52482738,0.613105705,0.629344703,0.693553953,0.596597516,0.608571624,0.614799155,0.5990158,0.608354716,0.662076904
0101000020E6100000E3C798BB960858C0780B24287E2C3340,30,Veracruz,_,-,19.1738,-96.1342,Papaloapan,Jamapa,,753305,MEX.30_1,MEX,Mexico,Veracruz,30-100 cm,30-100 cm,30-100 cm,30-100 cm,30-100 cm,30-100 cm,30-100 cm,30-100 cm,30-100 cm,3-10 cm,3-10 cm,10-30 cm,3-10 cm,3-10 cm,3-10 cm,3-10 cm,3-10 cm,3-10 cm,Low-medium (10-20%),Low-medium (10-20%),Medium-high (20-40%),Low-medium (10-20%),Low-medium (10-20%),Low-medium (10-20%),Low-medium (10-20%),Low-medium (10-20%),Low-medium (10-20%),Low - Medium (5-25%),Low - Medium (5-25%),Low - Medium (5-25%),Low - Medium (5-25%),Low - Medium (5-25%),Low - Medium (5-25%),Low - Medium (5-25%),Low - Medium (5-25%),Low - Medium (5-25%),Low - Medium (0.25-0.50),Medium - High (0.50-0.75),Medium - High (0.50-0.75),Low - Medium (0.25-0.50),Low - Medium (0.25-0.50),Medium - High (0.50-0.75),Medium - High (0.50-0.75),Medium - High (0.50-0.75),Medium - High (0.50-0.75),Low - Medium (0.33-0.66),Low - Medium (0.33-0.66),Low - Medium (0.33-0.66),Low - Medium (0.33-0.66),Low - Medium (0.33-0.66),Low - Medium (0.33-0.66),Low - Medium (0.33-0.66),Low - Medium (0.33-0.66),Low - Medium (0.33-0.66),74.68426279,71.24746637,55.7499685,74.01546749,73.42835071,68.66667438,77.94280743,72.0510812,62.18340063,6.242489182,7.929456454,11.13161126,5.939387681,6.34910709,6.254340967,5.946073347,6.451036368,6.761563962,0.157611276,0.176158554,0.341983484,0.137033476,0.139611433,0.139720638,0.156104115,0.149042618,0.18870243,0.068635832,0.080623377,0.163285089,0.057863761,0.058839189,0.062738249,0.064780388,0.066225028,0.080105299,0.488052079,0.547514477,0.580325792,0.474277732,0.474264403,0.513029053,0.52217608,0.546856468,0.550194588,0.470058267,0.466635394,0.490339129,0.442205001,0.469867528,0.427383522,0.429214977,0.441718253,0.468939311
0101000020E6100000BF0E9C33A24856C08351499D80663440,31,Yucatán,_,-,20.4004,-89.1349,Yucatán Peninsula,Yucatán,,753710,MEX.31_1,MEX,Mexico,Yucatán,3-10 cm,3-10 cm,3-10 cm,3-10 cm,3-10 cm,3-10 cm,3-10 cm,3-10 cm,3-10 cm,< 1 cm,< 1 cm,1-3 cm,< 1 cm,< 1 cm,< 1 cm,< 1 cm,< 1 cm,< 1 cm,Low-medium (10-20%),Low-medium (10-20%),High (40-80%),Low-medium (10-20%),Low-medium (10-20%),Low-medium (10-20%),Low-medium (10-20%),Low-medium (10-20%),High (40-80%),Low - Medium (5-25%),Low - Medium (5-25%),Medium - High (25-50%),Low - Medium (5-25%),Low - Medium (5-25%),Low - Medium (5-25%),Low - Medium (5-25%),Low - Medium (5-25%),Medium - High (25-50%),Extremely High (>1.00),High (0.75-1.00),High (0.75-1.00),Medium - High (0.50-0.75),High (0.75-1.00),High (0.75-1.00),High (0.75-1.00),High (0.75-1.00),High (0.75-1.00),Low - Medium (0.33-0.66),Low - Medium (0.33-0.66),Low - Medium (0.33-0.66),Low - Medium (0.33-0.66),Low - Medium (0.33-0.66),Low - Medium (0.33-0.66),Low - Medium (0.33-0.66),Low - Medium (0.33-0.66),Low - Medium (0.33-0.66),8.533889323,8.366519882,4.189385134,7.34375149,9.526075955,6.119143326,8.044412748,8.849469305,3.939207498,0.744356575,0.944868385,1.349338825,0.744309849,0.794369219,0.815004843,0.739421051,0.793636978,0.939794291,0.157773581,0.154633204,0.437697209,0.133466389,0.127142499,0.197369208,0.12478962,0.133135251,0.615299934,0.077046965,0.083377141,0.252892674,0.075242851,0.063495096,0.112440052,0.06966569,0.066559532,0.495623905,1.149917398,0.917512756,0.900312309,0.728429519,0.96924669,0.867081391,0.895973687,0.878296039,0.822477888,0.527234349,0.463215554,0.429834951,0.463080017,0.575605015,0.461774986,0.491491034,0.44036915,0.508135945
0101000020E61000006FF085C954A559C0857CD0B359C53640,32,Zacatecas,_,-,22.7709,-102.5833,"Mexico, Interior",Fresnillos / Yesca,,752230,MEX.32_1,MEX,Mexico,Zacatecas,< 1 cm,< 1 cm,< 1 cm,< 1 cm,< 1 cm,< 1 cm,< 1 cm,< 1 cm,< 1 cm,1-3 cm,1-3 cm,3-10 cm,1-3 cm,1-3 cm,1-3 cm,1-3 cm,1-3 cm,1-3 cm,Extremely high (>80%),Extremely high (>80%),Extremely high (>80%),Extremely high (>80%),Extremely high (>80%),Extremely high (>80%),Extremely high (>80%),Extremely high (>80%),Extremely high (>80%),Extremely High (>75%),Extremely High (>75%),Extremely High (>75%),Extremely High (>75%),Extremely High (>75%),Extremely High (>75%),Extremely High (>75%),Extremely High (>75%),Extremely High (>75%),High (0.75-1.00),High (0.75-1.00),High (0.75-1.00),Medium - High (0.50-0.75),High (0.75-1.00),Medium - High (0.50-0.75),High (0.75-1.00),High (0.75-1.00),High (0.75-1.00),Low - Medium (0.33-0.66),Low - Medium (0.33-0.66),Low - Medium (0.33-0.66),Low - Medium (0.33-0.66),Low - Medium (0.33-0.66),Low - Medium (0.33-0.66),Low - Medium (0.33-0.66),Low - Medium (0.33-0.66),Low - Medium (0.33-0.66),0.182199337,0.165528203,0.190599644,0.179039987,0.191069088,0.171843941,0.171183782,0.17583216,0.220225724,2.804565522,2.992005578,3.416182847,2.752705942,2.776412332,2.797137057,2.734757041,2.896299439,2.973256884,9999,9999,9999,9999,9999,9999,9999,9999,9999,9999,9999,9999,9999,9999,9999,9999,9999,9999,0.814367038,0.783664255,0.83460554,0.740152701,0.794057832,0.736406751,0.878366778,0.781347019,0.845179147,0.646644458,0.660820604,0.651479758,0.623717496,0.630886458,0.634159105,0.621839146,0.623564903,0.56509727
